,Code,First_name,Last_name,Team,Nation,Position,Rating
0,abdelju01,Justin,Abdelkader,DET,US,LW,0.8089990343737301
1,abergpo01,Pontus,Aberg,TOT,SE,LW,0.6961627404892048
2,acciano01,Noel,Acciari,BOS,US,C,0.7437724261564982
3,ahose01,Sebastian,Aho,CAR,FI,RW,0.8774425334355547
4,ahose02,Sebastian,Aho,NYI,SE,D,0.7098315679463314
5,altma01,Mark,Alt,TOT,US,D,0.6409452929406505
6,alzneka01,Karl,Alzner,MTL,CA,D,0.7643533414202992
7,amadimi01,Michael,Amadio,LAK,CA,C,0.6821889929969405
8,anderjo03,Joakim,Andersson,DET,SE,C,0.6728710727202069
9,anderjo05,Josh,Anderson,CBJ,CA,RW,0.8052800106803643
10,andrean01,Andy,Andreoff,LAK,CA,LW,0.6869889728754945
11,andrisv01,Sven,Andrighetto,COL,CH,RW,0.7953247309221441
12,anisiar01,Artem,Anisimov,CHI,RU,C,0.7991579413890534
13,antipvi01,Victor,Antipin,BUF,KZ,D,0.7138320037026109
14,archida02,Darren,Archibald,VAN,CA,RW,0.7920340947090713
15,archijo01,Josh,Archibald,TOT,CA,RW,0.7398163825195379
16,arcobma01,Mark,Arcobello,TOR,US,RW,0.7238102734687927
17,armiajo01,Joel,Armia,WPG,FI,RW,0.78428938370373
18,arvidvi01,Viktor,Arvidsson,NSH,SE,LW,0.846639467663326
19,astonza01,Zach,Aston-Reese,PIT,US,C,0.8152684433807473
20,athanan01,Andreas,Athanasiou,DET,CA,C,0.7753130249064542
21,atkinca01,Cam,Atkinson,CBJ,US,RW,0.8679581162119845
22,audymjo01,Jon,Marchessault,VEG,CA,C,0.8682394283751216
23,auvityo01,Yohann,Auvitu,EDM,FR,D,0.719758180119804
24,backeda01,David,Backes,BOS,US,C,0.8721568826746229
25,backlmi01,Mikael,Backlund,CGY,SE,C,0.8636137184223908
26,backsni02,Nicklas,Backstrom,WSH,SE,C,0.9049128808080941
27,baertsv01,Sven,Baertschi,VAN,CH,LW,0.7956629551104187
28,bailejo01,Josh,Bailey,NYI,CA,C,0.8509356818878735
29,baileju01,Justin,Bailey,BUF,US,RW,0.7101551039442506
30,baptini01,Nicholas,Baptiste,BUF,CA,RW,0.6811796922657974
31,barbaiv01,Ivan,Barbashev,STL,RU,C,0.7527403655526477
32,barbema01,Mark,Barberio,COL,CA,D,0.7743567190544699
33,barkoal01,Aleksander,Barkov,FLA,FI,C,0.9152979827997909
34,barrity01,Tyson,Barrie,COL,CA,D,0.8572964448386667
35,bartkma01,Matt,Bartkowski,CGY,US,D,0.6875550728010029
36,barzama01,Mathew,Barzal,NYI,CA,C,0.9098086534310097
37,bassco01,Cody,Bass,NSH,CA,C,0.6408073671414024
38,beaglja01,Jay,Beagle,WSH,CA,RW,0.7600118576241823
39,bearet01,Ethan,Bear,EDM,CA,D,0.6981220565956937
40,beaucfr01,Francois,Beauchemin,ANA,CA,D,0.7785804846685604
41,beaulna01,Nathan,Beaulieu,BUF,CA,D,0.7459731963053432
42,beauvan01,Anthony,Beauvillier,NYI,CA,LW,0.7823815972905903
43,belesma01,Matt,Beleskey,TOT,CA,LW,0.6927543394362651
44,bellepi01,Pierre-Edouard,Bellemare,VEG,FR,LW,0.7317918194190345
45,bennebe01,Beau,Bennett,NJD,US,RW,0.7703052789704208
46,bennesa01,Sam,Bennett,CGY,CA,C,0.7696451706543304
47,bennima01,Matt,Benning,EDM,CA,D,0.7764327123069565
48,bennja01,Jamie,Benn,DAL,CA,LW,0.91538849657099
49,bennjo01,Jordie,Benn,MTL,CA,D,0.7581148467236046
50,bergepa01,Patrice,Bergeron,BOS,CA,C,0.9229554958611941
51,berglpa01,Patrik,Berglund,STL,SE,C,0.8213267799697253
52,bernist01,Steve,Bernier,NYI,CA,RW,0.7301329354382655
53,bertuty01,Tyler,Bertuzzi,DET,CA,LW,0.8220850895919346
54,bickebr01,Bryan,Bickell,CAR,CA,LW,0.6615029355921709
55,biegaal01,Alex,Biega,VAN,CA,D,0.7315037266744148
56,biekske01,Kevin,Bieksa,ANA,CA,D,0.7342514076684571
57,bigrach01,Chris,Bigras,COL,CA,D,0.6309898129458003
58,bitetan01,Anthony,Bitetto,NSH,US,D,0.6833784625313533
59,bjorkan01,Anders,Bjork,BOS,US,LW,0.7615163577299374
60,bjorkol01,Oliver,Bjorkstrand,CBJ,DK,RW,0.8199551265753083
61,bjugsni01,Nick,Bjugstad,FLA,US,C,0.8053472290960696
62,blaissa01,Samuel,Blais,STL,CA,LW,0.7139166254018365
63,blandjo01,Joseph,Blandisi,NJD,CA,C,0.776907791843524
64,blidhan01,Anton,Blidh,BOS,SE,LW,0.7168849456483228
65,blundmi01,Mike,Blunden,TBL,CA,RW,0.7348312255728245
66,bodnaan01,Andrew,Bodnarchuk,TOT,CA,D,0.6626666701078278
67,boedkmi01,Mikkel,Boedker,SJS,DK,RW,0.797582568207532
68,boesebr01,Brock,Boeser,VAN,US,RW,0.875719615139195
69,bogosza01,Zach,Bogosian,BUF,US,D,0.7461206391578495
70,bollada01,Dave,Bolland,FLA,CA,C,0.683962611236264
71,bollibr01,Brandon,Bollig,CGY,US,LW,0.6564589970287746
72,bollja01,Jared,Boll,ANA,US,RW,0.6122304398628968
73,boninni01,Nick,Bonino,NSH,US,C,0.8008004460234485
74,boothda01,David,Booth,DET,US,LW,0.6373416293190343
75,borgman01,Andreas,Borgman,TOR,SE,D,0.7381115005135589
76,borowma01,Mark,Borowiecki,OTT,CA,D,0.7647984006873747
77,borturo01,Robert,Bortuzzo,STL,CA,D,0.747356208116346
78,bouchre01,Reid,Boucher,VAN,US,C,0.7406150632918406
79,boumala01,Lance,Bouma,CHI,CA,C,0.7313023711899802
80,bournmi01,Michael,Bournival,TBL,CA,LW,0.7525218300977573
81,bourqga01,Gabriel,Bourque,COL,CA,LW,0.729502859805864
82,bourqre01,Rene,Bourque,COL,CA,RW,0.729276042563312
83,bouwmja01,Jay,Bouwmeester,STL,CA,D,0.7644837367690821
84,boweyma01,Madison,Bowey,WSH,CA,D,0.6998859600082715
85,boychjo01,Johnny,Boychuk,NYI,CA,D,0.8021098089411269
86,boyesbr01,Brad,Boyes,TOR,CA,RW,0.8042053112321658
87,boylebr01,Brian,Boyle,NJD,US,C,0.7833690627985866
88,boyleda01,Dan,Boyle,NYR,CA,D,0.767485271098327
89,bozakty01,Tyler,Bozak,TOR,CA,C,0.8385112430896794
90,brassde01,Derick,Brassard,TOT,CA,C,0.8426566967172198
91,brattje01,Jesper,Bratt,NJD,SE,LW,0.7857424848887924
92,braunju01,Justin,Braun,SJS,US,D,0.8129543073141715
93,brickco01,Connor,Brickley,FLA,US,C,0.7171699973772674
94,brodijo01,Jonas,Brodin,MIN,SE,D,0.7824017903709813
95,broditj01,T.J.,Brodie,CGY,CA,D,0.8353394627219868
96,brodzjo01,Jonny,Brodzinski,LAK,US,C,0.6736438408775965
97,brodzky01,Kyle,Brodziak,STL,CA,C,0.7685633342580099
98,brouwtr01,Troy,Brouwer,CGY,CA,RW,0.7810462261361837
99,brownco02,Connor,Brown,TOR,CA,RW,0.7667104524414083
100,browndu01,Dustin,Brown,LAK,US,RW,0.862322128921952
101,brownjt01,J.T.,Brown,TOT,US,RW,0.720238728538002
102,brownmi02,Mike,Brown,TOT,US,RW,0.6843629629685947
103,brownpa02,Patrick,Brown,CAR,US,C,0.611426494832178
104,buchnpa01,Pavel,Buchnevich,NYR,RU,LW,0.8116165605277527
105,burakan01,Andre,Burakovsky,WSH,AT,LW,0.7978443049644008
106,burmial01,Alexander,Burmistrov,VAN,RU,C,0.7182087358939075
107,burnsbr01,Brent,Burns,SJS,CA,D,0.9185401809076144
108,burroal01,Alexandre,Burrows,OTT,CA,LW,0.7384236875352481
109,butchwi01,Will,Butcher,NJD,US,D,0.8241787892435745
110,byfugdu01,Dustin,Byfuglien,WPG,US,D,0.893491333411463
111,byronpa01,Paul,Byron,MTL,CA,C,0.8157956041592858
112,caggidr01,Drake,Caggiula,EDM,CA,LW,0.7559669125146404
113,callary01,Ryan,Callahan,TBL,US,RW,0.7642840619735682
114,calvema01,Matt,Calvert,CBJ,CA,LW,0.7632852810974564
115,cammami01,Mike,Cammalleri,TOT,CA,C,0.8072076142021516
116,campbbr02,Brian,Campbell,CHI,CA,D,0.7670045531334424
117,campbgr01,Gregory,Campbell,CBJ,CA,LW,0.6713667627564378
118,careypa01,Paul,Carey,NYR,US,C,0.6903880969882571
119,carlema01,Matt,Carle,TBL,US,D,0.7261671774884217
120,carlobr01,Brandon,Carlo,BOS,US,D,0.7491746307076443
121,carlsga01,Gabriel,Carlsson,CBJ,SE,D,0.6972423331118898
122,carlsjo01,John,Carlson,WSH,US,D,0.8829344804493079
123,carpery01,Ryan,Carpenter,TOT,US,C,0.7721788462854551
124,carrda01,Daniel,Carr,MTL,CA,LW,0.7835322428458978
125,carrico01,Connor,Carrick,TOR,US,D,0.7385950198717193
126,carriwi01,William,Carrier,VEG,CA,LW,0.7322228918658942
127,carteje01,Jeff,Carter,LAK,CA,C,0.8906930815368141
128,cartery01,Ryan,Carter,MIN,US,LW,0.7053620265259619
129,catenda01,Daniel,Catenacci,BUF,CA,C,0.608198498178707
130,cecico01,Cody,Ceci,OTT,CA,D,0.7779175310259254
131,cehlape01,Peter,Cehlarik,BOS,SK,LW,0.7033035881106793
132,chaboth01,Thomas,Chabot,OTT,CA,D,0.7814229051489601
133,chapumi01,Michael,Chaput,VAN,CA,C,0.6872279937629996
134,charazd01,Zdeno,Chara,BOS,CS,D,0.8451824860198861
135,chiarbe01,Ben,Chiarot,WPG,CA,D,0.7406747245882117
136,chiasal01,Alex,Chiasson,WSH,CA,RW,0.7276391625899937
137,chimeja01,Jason,Chimera,TOT,CA,LW,0.7397879447561635
138,chipcky01,Kyle,Chipchura,ARI,CA,C,0.6986411975039647
139,chlapfi01,Filip,Chlapik,OTT,CZ,C,0.6888687338441453
140,chornta01,Taylor,Chorney,TOT,CA,D,0.7018287201286129
141,chychja01,Jakob,Chychrun,ARI,US,D,0.7684310094111202
142,cirelan01,Anthony,Cirelli,TBL,CA,C,0.8441636802003837
143,cizikca01,Casey,Cizikas,NYI,CA,C,0.7951670254983646
144,claesfr01,Fredrik,Claesson,OTT,SE,D,0.7459500653733879
145,clarkda03,David,Clarkson,CBJ,CA,RW,0.6761347768513728
146,clendad01,Adam,Clendening,NYR,US,D,0.7539332295181074
147,cliffky01,Kyle,Clifford,LAK,CA,LW,0.7441630540341874
148,cluneri01,Rich,Clune,TOR,CA,LW,0.7748647554652934
149,cluttca01,Cal,Clutterbuck,NYI,CA,RW,0.7720650525527498
150,coburbr01,Braydon,Coburn,TBL,CA,D,0.7445931163104963
151,coglian01,Andrew,Cogliano,ANA,CA,LW,0.8152581828558073
152,colaica01,Carlo,Colaiacovo,BUF,CA,D,0.6926088326593747
153,colbojo01,Joe,Colborne,COL,CA,C,0.7310443836955097
154,coleia01,Ian,Cole,TOT,US,D,0.7955670585538543
155,colembl01,Blake,Coleman,NJD,US,C,0.7661110280849098
156,comeabl01,Blake,Comeau,COL,CA,RW,0.8009914258909339
157,comphj,J.T.,Compher,COL,US,LW,0.756010943532076
158,conacco01,Cory,Conacher,TBL,CA,LW,0.7520841998318892
159,condrer01,Erik,Condra,TBL,US,RW,0.6662681976348132
160,connake01,Kevin,Connauton,ARI,CA,D,0.7303905931334281
161,connobr01,Brett,Connolly,WSH,CA,RW,0.7580769942712772
162,connoky01,Kyle,Connor,WPG,US,LW,0.7892755152820111
163,coppan01,Andrew,Copp,WPG,US,C,0.7671662743703382
164,corrafr01,Frank,Corrado,TOR,CA,D,0.7131858127611492
165,cousini01,Nick,Cousins,ARI,CA,C,0.7598431968713542
166,coutulo01,Logan,Couture,SJS,CA,C,0.8749776382760608
167,coutuse01,Sean,Couturier,PHI,US,C,0.8964599159016341
168,cowenja01,Jared,Cowen,OTT,CA,D,0.7205855593825333
169,coylech01,Charlie,Coyle,MIN,US,C,0.8414290317064429
170,crackad01,Adam,Cracknell,DAL,CA,RW,0.7295777943985157
171,cramajo01,Joseph,Cramarossa,TOT,CA,C,0.6774189903920578
172,crosbsi01,Sidney,Crosby,PIT,CA,C,0.9345863024538088
173,crousla01,Lawson,Crouse,ARI,CA,LW,0.6993782255609915
174,cullema01,Matt,Cullen,MIN,US,C,0.755604213443285
175,czarnau01,Austin,Czarnik,BOS,US,C,0.7465969194799258
176,dadonev01,Evgeni,Dadonov,FLA,RU,RW,0.910469757767491
177,dahlbkl01,Klas,Dahlbeck,CAR,SE,D,0.7056556758668701
178,dahlsca01,Carl,Dahlstrom,CHI,SE,D,0.7644424073342716
179,daleytr01,Trevor,Daley,DET,CA,D,0.7709763169391478
180,dalpeza01,Zac,Dalpe,CBJ,CA,RW,0.6160096244367606
181,danauph01,Phillip,Danault,MTL,CA,LW,0.8229290517059575
182,danoma01,Marko,Dano,WPG,AT,C,0.7273678484560604
183,datsypa01,Pavel,Datsyuk,DET,RU,C,0.897496148288458
184,dauphla01,Laurent,Dauphin,ARI,CA,C,0.6988709150378288
185,davidbr01,Brandon,Davidson,TOT,CA,D,0.7389188047451521
186,deangan01,Anthony,DeAngelo,NYR,US,D,0.727878493110014
187,debrial01,Alex,DeBrincat,CHI,US,RW,0.8374423164404974
188,debruja01,Jake,Debrusk,BOS,CA,LW,0.8293785151141737
189,dehaaca01,Calvin,de Haan,NYI,CA,D,0.810598969851061
190,dekeyda01,Danny,DeKeyser,DET,US,D,0.7677040953811316
191,delarja01,Jacob,de La Rose,MTL,SE,LW,0.7028163700212855
192,delzomi01,Michael,Del Zotto,VAN,CA,D,0.8027429484021453
193,demeldy01,Dylan,DeMelo,SJS,CA,D,0.7664639117376716
194,demerja01,Jason,Demers,ARI,CA,D,0.8063391632866725
195,dermotr01,Travis,Dermott,TOR,CA,D,0.8035804908208465
196,deshada01,David,Desharnais,NYR,CA,C,0.7499610111211167
197,desjaan01,Andrew,Desjardins,CHI,CA,C,0.7117601243830172
198,deslani01,Nicolas,Deslauriers,MTL,CA,LW,0.7116118812743104
199,desprsi01,Simon,Despres,ANA,CA,D,0.758279903774481
200,dickija01,Jason,Dickinson,DAL,CA,C,0.6462378179430694
201,didomch01,Christopher,Didomenico,OTT,CA,C,0.7847157461549944
202,dietzda01,Darren,Dietz,MTL,CA,D,0.8066221320611027
203,digiuph01,Phillip,Di Giuseppe,CAR,CA,LW,0.7652024546901736
204,dillobr01,Brenden,Dillon,SJS,CA,D,0.7660699973471262
205,djoosch01,Christian,Djoos,WSH,SE,D,0.7265766325271826
206,doansh01,Shane,Doan,ARI,CA,RW,0.8039178637890517
207,domima01,Max,Domi,ARI,CA,LW,0.813644540215849
208,donatry01,Ryan,Donato,BOS,US,C,0.8632631375133811
209,donskjo01,Joonas,Donskoi,SJS,FI,RW,0.8071021136788951
210,dorsede01,Derek,Dorsett,VAN,CA,RW,0.7871765190570779
211,dotchja01,Jake,Dotchin,TBL,CA,D,0.7804338980309771
212,doughdr01,Drew,Doughty,LAK,CA,D,0.9027888738080052
213,dowdni01,Nic,Dowd,TOT,US,C,0.729902781077556
214,downist01,Steve,Downie,ARI,CA,RW,0.7161190410666157
215,draisle01,Leon,Draisaitl,EDM,DE,C,0.9010378557094897
216,drouijo01,Jonathan,Drouin,MTL,CA,LW,0.8261675422710606
217,dubinbr01,Brandon,Dubinsky,CBJ,US,C,0.8280350962115564
218,duboipi01,Pierre-Luc,Dubois,CBJ,CA,LW,0.8430729732489072
219,duchema01,Matt,Duchene,TOT,CA,C,0.858594215093204
220,duclaan01,Anthony,Duclair,TOT,CA,LW,0.7621757116287032
221,dumbama01,Mathew,Dumba,MIN,CA,D,0.8351396021732433
222,dumonga01,Gabriel,Dumont,TOT,CA,C,0.6930971641886073
223,dumoubr01,Brian,Dumoulin,PIT,US,D,0.7804058122550976
224,dunnvi02,Vince,Dunn,STL,CA,D,0.765088205219548
225,dupuipa01,Pascal,Dupuis,PIT,CA,LW,0.7167688403787876
226,dvorach01,Christian,Dvorak,ARI,US,C,0.7940158448138404
227,dzingry01,Ryan,Dzingel,OTT,US,C,0.7875342208642055
228,dziurda01,David,Dziurzynski,OTT,Other,LW,0.7323889209395608
229,eakinco01,Cody,Eakin,VEG,CA,C,0.7602784886304149
230,eavespa01,Patrick,Eaves,TOT,CA,RW,0.8301456216185963
231,eberljo01,Jordan,Eberle,NYI,CA,RW,0.8621844800376589
232,edleral01,Alexander,Edler,VAN,SE,D,0.8381934479400923
233,edmunjo01,Joel,Edmundson,STL,CA,D,0.773202278331169
234,ehlerni01,Nikolaj,Ehlers,WPG,DK,LW,0.8576010560781305
235,ehrhoch01,Christian,Ehrhoff,TOT,DE,D,0.7348795315967459
236,eicheja01,Jack,Eichel,BUF,US,C,0.8864422171882556
237,ekblaaa01,Aaron,Ekblad,FLA,CA,D,0.8148176032462495
238,ekholma01,Mattias,Ekholm,NSH,SE,D,0.8344687741226089
239,ekmanol01,Oliver,Ekman-Larsson,ARI,SE,D,0.8613590563658156
240,eliaspa01,Patrik,Elias,NJD,CS,LW,0.8043679624358337
241,eliere01,Remi,Elie,DAL,CA,LW,0.7482352764822122
242,ellerla01,Lars,Eller,WSH,DK,C,0.7857515243447818
243,elliost01,Stefan,Elliott,TOT,CA,D,0.7301286781658762
244,ellisry01,Ryan,Ellis,NSH,CA,D,0.8758993410985921
245,emelial01,Alexei,Emelin,NSH,RU,D,0.7515721989519414
246,engelde01,Deryk,Engelland,VEG,CA,D,0.7663406906809921
247,ennisty01,Tyler,Ennis,MIN,CA,C,0.7557452938666266
248,enstrto01,Toby,Enstrom,WPG,SE,D,0.7446435179730317
249,ericsjo01,Jonathan,Ericsson,DET,SE,D,0.7506698008045389
250,eriksjo02,Joel,Eriksson Ek,MIN,SE,C,0.7475685977211147
251,erikslo01,Loui,Eriksson,VAN,SE,LW,0.8162929423760461
252,ernead01,Adam,Erne,TBL,US,LW,0.715737458980003
253,etemem01,Emerson,Etem,TOT,US,RW,0.7447345955984581
254,everbde01,Dennis,Everberg,COL,SE,RW,0.6024800794879822
255,fabbrro01,Robby,Fabbri,STL,CA,C,0.8166883664146956
256,faksara01,Radek,Faksa,DAL,CZ,C,0.8162372208855435
257,falkju01,Justin,Falk,BUF,CA,D,0.7137995258793948
258,fanteos01,Oscar,Fantenberg,LAK,SE,D,0.7592087115996426
259,farnhbo01,Bobby,Farnham,TOT,US,LW,0.7123822620247728
260,fastje01,Jesper,Fast,NYR,SE,RW,0.7957275141637349
261,faulkju01,Justin,Faulk,CAR,US,D,0.8542804107719308
262,faynema01,Mark,Fayne,EDM,US,D,0.7159280794512723
263,fedunta01,Taylor,Fedun,BUF,CA,D,0.7501109442401184
264,fehrer01,Eric,Fehr,TOT,CA,RW,0.7620912236116715
265,ferlami01,Micheal,Ferland,CGY,CA,LW,0.7948012610307036
266,ferrala01,Landon,Ferraro,TOT,CA,C,0.6712339520129489
267,fialake01,Kevin,Fiala,NSH,CH,LW,0.8001842968087134
268,fiddlve01,Vernon,Fiddler,TOT,CA,C,0.7016244361758474
269,filppva01,Valtteri,Filppula,PHI,FI,C,0.7871537158017671
270,fischch01,Christian,Fischer,ARI,US,RW,0.7966911538422897
271,fishemi01,Mike,Fisher,NSH,CA,C,0.7883292194825582
272,fleisto01,Tomas,Fleischmann,TOT,CS,LW,0.7739773698199939
273,fleurha01,Haydn,Fleury,CAR,CA,D,0.7148974764292332
274,flynnbr01,Brian,Flynn,MTL,US,RW,0.7216198422371725
275,foligma01,Marcus,Foligno,MIN,US,LW,0.778762846441431
276,foligni01,Nick,Foligno,CBJ,US,LW,0.8442035617601225
277,folinch01,Christian,Folin,LAK,SE,D,0.7453979174437778
278,fontaju01,Justin,Fontaine,MIN,CA,RW,0.7249434550070365
279,forbode01,Derek,Forbort,LAK,US,D,0.7838227198271133
280,forsbfi01,Filip,Forsberg,NSH,SE,C,0.8893486493531174
281,forslgu02,Gustav,Forsling,CHI,SE,D,0.7312068657896793
282,fowleca01,Cam,Fowler,ANA,CA,D,0.842185164043179
283,fransco01,Cody,Franson,CHI,CA,D,0.7809645026845734
284,fritzta01,Tanner,Fritz,NYI,CA,C,0.7124721771676226
285,frkma01,Martin,Frk,DET,CZ,RW,0.7525364333441619
286,froesby01,Byron,Froese,MTL,CA,C,0.7257740883643189
287,frolimi01,Michael,Frolik,CGY,CS,LW,0.8313508956219476
288,gaborma01,Marian,Gaborik,TOT,CS,RW,0.7849676678632127
289,gabriku01,Kurtis,Gabriel,MIN,CA,RW,0.5878748004906454
290,gagnesa01,Sam,Gagner,VAN,CA,C,0.788043057744891
291,galchal01,Alex,Galchenyuk,MTL,US,C,0.8331622328216773
292,galiest01,Stanislav,Galiev,WSH,RU,RW,0.6768800337934329
293,gallabr01,Brendan,Gallagher,MTL,CA,RW,0.8640422009025754
294,garbury01,Ryan,Garbutt,ANA,CA,C,0.6908341240730059
295,gardija01,Jake,Gardiner,TOR,US,D,0.8465315800712476
296,garrija01,Jason,Garrison,TBL,CA,D,0.7300894737045108
297,gaudety01,Tyler,Gaudet,ARI,CA,C,0.7292392130102247
298,gaudrfr01,Frederick,Gaudreau,NSH,CA,C,0.6638265865882864
299,gaudrjo01,Johnny,Gaudreau,CGY,US,LW,0.8992102228282333
300,gauncbr01,Brendan,Gaunce,VAN,CA,C,0.7175347198441515
301,gauncca01,Cameron,Gaunce,PIT,CA,D,0.7696957688547713
302,gaustpa01,Paul,Gaustad,NSH,US,C,0.6761940772327448
303,gauthfr01,Frederik,Gauthier,TOR,CA,C,0.7058610451568661
304,gazdilu01,Luke,Gazdic,NJD,CA,LW,0.6072214189818763
305,geliner01,Eric,Gelinas,COL,CA,D,0.6592137256579835
306,gerbena01,Nathan,Gerbe,CAR,US,C,0.6830299186384909
307,getzlry01,Ryan,Getzlaf,ANA,CA,C,0.927717630261812
308,gibbobr02,Brian,Gibbons,NJD,US,C,0.8033345001031796
309,gilbeto01,Tom,Gilbert,LAK,US,D,0.729372775884543
310,gilmojo01,John,Gilmour,NYR,CA,D,0.7089783200873447
311,giontbr01,Brian,Gionta,BOS,US,RW,0.7933646342519991
312,giontst01,Stephen,Gionta,NYI,US,C,0.7054260678868496
313,giordma01,Mark,Giordano,CGY,CA,D,0.877056270982556
314,girarda01,Dan,Girardi,TBL,CA,D,0.7733491957271836
315,girarsa01,Samuel,Girard,TOT,CA,D,0.7557747535548215
316,girgeze01,Zemgus,Girgensons,BUF,LV,C,0.7353560698813199
317,giroucl01,Claude,Giroux,PHI,CA,C,0.9216216546447042
318,glassta01,Tanner,Glass,CGY,CA,LW,0.6957021057208395
319,glendlu01,Luke,Glendening,DET,US,C,0.7651506074760016
320,goldoni01,Nikolay,Goldobin,VAN,RU,LW,0.6972801613552204
321,goligal01,Alex,Goligoski,ARI,US,D,0.8329352108722392
322,golouco01,Cody,Goloubef,COL,CA,D,0.7175661092397765
323,gomezsc01,Scott,Gomez,TOT,US,C,0.6700046245202051
324,goodrba01,Barclay,Goodrow,SJS,CA,RW,0.7490148522363861
325,gordobo01,Boyd,Gordon,PHI,CA,C,0.6379514436006596
326,gorgejo01,Josh,Gorges,BUF,CA,D,0.7272784514073116
327,gormlbr01,Brandon,Gormley,COL,CA,D,0.634443716382739
328,gostish01,Shayne,Gostisbehere,PHI,US,D,0.8669023125618879
329,gourdya01,Yanni,Gourde,TBL,CA,C,0.858227936415703
330,grabnmi01,Michael,Grabner,TOT,AT,RW,0.7916302661420054
331,grabomi01,Mikhail,Grabovski,NYI,DE,C,0.788316739562336
332,granbpe01,Petter,Granberg,NSH,SE,D,0.6685306934015124
333,granlma01,Markus,Granlund,VAN,FI,C,0.7467824876274248
334,granlmi01,Mikael,Granlund,MIN,FI,C,0.8919223380909251
335,grantde01,Derek,Grant,ANA,CA,C,0.71223667497602
336,graovty01,Tyler,Graovac,MIN,CA,C,0.652312359084468
337,graveke01,Kevin,Gravel,LAK,US,D,0.7202132833478689
338,greenan01,Andy,Greene,NJD,US,D,0.7658341387377915
339,greenco01,Colin,Greening,TOT,CA,C,0.8293715464430856
340,greenma01,Matt,Greene,LAK,US,D,0.7113345788094638
341,greenmi03,Mike,Green,DET,CA,D,0.8311761416468774
342,greeraj01,A.J.,Greer,COL,CA,LW,0.6593893758473253
343,griffse01,Seth,Griffith,BUF,CA,C,0.6783848528388323
344,grigomi01,Mikhail,Grigorenko,COL,RU,C,0.7340482453021364
345,grimaro01,Rocco,Grimaldi,FLA,US,C,0.7062777237215347
346,grossni01,Nicklas,Grossmann,ARI,SE,D,0.7163387608653575
347,grybaer01,Eric,Gryba,EDM,CA,D,0.746863800334528
348,grzelma01,Matt,Grzelcyk,BOS,US,D,0.7787364023065484
349,gudasra01,Radko,Gudas,PHI,CS,D,0.8151737969881501
350,gudbrer01,Erik,Gudbranson,VAN,CA,D,0.7319330446907163
351,guenina01,Nate,Guenin,COL,US,D,0.6114172200750533
352,guentja01,Jake,Guentzel,PIT,US,C,0.8596182101709666
353,guhlebr01,Brendan,Guhle,BUF,CA,D,0.7601613637920712
354,gunnaca01,Carl,Gunnarsson,STL,SE,D,0.7171211334088521
355,gustaer02,Erik,Gustafsson,CHI,SE,D,0.8133837860865744
356,hagelca01,Carl,Hagelin,PIT,SE,LW,0.808992453707204
357,haggro01,Robert,Hagg,PHI,SE,D,0.7493022810763391
358,hainsro01,Ron,Hainsey,TOR,US,D,0.7865391986570762
359,haleymi01,Micheal,Haley,FLA,CA,C,0.6711763118621629
360,halisma01,Matt,Halischuk,WPG,CA,RW,0.6731735923209534
361,hallta02,Taylor,Hall,NJD,CA,LW,0.9137579644853885
362,hamhuda01,Dan,Hamhuis,DAL,CA,D,0.7839484600289107
363,hamildo01,Dougie,Hamilton,CGY,CA,D,0.8649137973677261
364,hamilfr01,Freddie,Hamilton,TOT,CA,C,0.6669165082536634
365,hamontr01,Travis,Hamonic,CGY,CA,D,0.7645927069822719
366,hanifno01,Noah,Hanifin,CAR,US,D,0.7939958676948525
367,hannima01,Markus,Hannikainen,CBJ,FI,LW,0.6993136950054397
368,hanseja01,Jannik,Hansen,SJS,DK,LW,0.7862113265756691
369,hanzama01,Martin,Hanzal,DAL,CS,C,0.8160861111358881
370,harpesh01,Shane,Harper,FLA,US,RW,0.7089111915487842
371,harpube01,Ben,Harpur,OTT,CA,D,0.6578838003866944
372,harrisc01,Scott,Harrington,CBJ,CA,D,0.7008299785908645
373,hartmry01,Ryan,Hartman,TOT,US,RW,0.7938389715137414
374,hartnsc01,Scott,Hartnell,NSH,CA,LW,0.8011453273429628
375,hathaga01,Garnet,Hathaway,CGY,US,RW,0.746661986441232
376,haulaer01,Erik,Haula,VEG,FI,LW,0.8334596027056407
377,haydejo01,John,Hayden,CHI,US,C,0.7724981002301025
378,hayesji01,Jimmy,Hayes,NJD,US,RW,0.7119522050964755
379,hayeske01,Kevin,Hayes,NYR,US,RW,0.817676998126933
380,hedmavi01,Victor,Hedman,TBL,SE,D,0.9101962458141091
381,heedti01,Tim,Heed,SJS,SE,D,0.8009450066596044
382,heineda01,Danton,Heinen,BOS,CA,C,0.8584693812827698
383,helgese01,Seth,Helgeson,NJD,US,D,0.6507427415382799
384,helmda01,Darren,Helm,DET,CA,C,0.7892225916513081
385,hemskal01,Ales,Hemsky,DAL,CS,RW,0.8108404359992494
386,hendrma01,Matt,Hendricks,WPG,US,C,0.7433608978150975
387,henriad01,Adam,Henrique,TOT,CA,C,0.83464692891471
388,hertlto01,Tomas,Hertl,SJS,CZ,C,0.8579576871048529
389,hicketh01,Thomas,Hickey,NYI,CA,D,0.7782352200070024
390,higgich01,Chris,Higgins,VAN,US,LW,0.6644861197807271
391,highmma01,Matthew,Highmore,CHI,CA,LW,0.7126257627539562
392,hinosvi01,Vinnie,Hinostroza,CHI,US,C,0.7877318420913322
393,hischni01,Nico,Hischier,NJD,CH,C,0.8326472688271286
394,hjalmni01,Niklas,Hjalmarsson,ARI,SE,D,0.7847480447028313
395,hodgsco01,Cody,Hodgson,NSH,CA,C,0.7428696100387863
396,hoffmmi02,Mike,Hoffman,OTT,CA,C,0.8582667561375026
397,holdeni01,Nick,Holden,TOT,CA,D,0.7964978527143313
398,hollape01,Peter,Holland,NYR,CA,C,0.7044872060672135
399,holzeko01,Korbinian,Holzer,ANA,DE,D,0.6702887500211369
400,honkaju01,Julius,Honka,DAL,FI,D,0.7146068158568848
401,horcosh01,Shawn,Horcoff,ANA,CA,C,0.7603336257736388
402,hornqpa01,Patric,Hornqvist,PIT,SE,RW,0.881325057680481
403,horvabo01,Bo,Horvat,VAN,CA,C,0.8510523029728717
404,hosanjo01,Joshua,Ho-Sang,NYI,CA,C,0.7830252489088791
405,hossama01,Marian,Hossa,CHI,CS,RW,0.8352374713397487
406,howdequ01,Quinton,Howden,FLA,CA,C,0.700417418715864
407,hrivima01,Marek,Hrivik,NYR,CS,LW,0.7239887455526072
408,huberjo01,Jonathan,Huberdeau,FLA,CA,C,0.8886905761784496
409,hudleji01,Jiri,Hudler,DAL,CS,RW,0.7620268363469738
410,hudonch01,Charles,Hudon,MTL,CA,LW,0.8090904790756235
411,huntbr01,Brad,Hunt,VEG,CA,D,0.7909880594531136
412,huntdr01,Dryden,Hunt,FLA,CA,LW,0.6711617299988735
413,hunwima01,Matt,Hunwick,PIT,US,D,0.7636853095916037
414,huttobe01,Ben,Hutton,VAN,CA,D,0.7275298225216063
415,hymanza01,Zach,Hyman,TOR,CA,C,0.8033456089281485
416,iafalal01,Alex,Iafallo,LAK,US,C,0.7858425664984493
417,iginlja01,Jarome,Iginla,TOT,CA,RW,0.7822413548992335
418,irwinma01,Matt,Irwin,NSH,CA,D,0.7353454419950153
419,jackmba01,Barret,Jackman,NSH,CA,D,0.6995126536197194
420,jagrja01,Jaromir,Jagr,CGY,CS,RW,0.7967152523554321
421,jankoma01,Mark,Jankowski,CGY,CA,C,0.7581447853876278
422,janmama02,Mattias,Janmark,DAL,SE,C,0.7754784810479167
423,jarnkca01,Calle,Jarnkrok,NSH,SE,C,0.7979231112608316
424,jaskidm01,Dmitrij,Jaskin,STL,RU,RW,0.7672638579064281
425,jennebo01,Boone,Jenner,CBJ,CA,C,0.8359757707823372
426,jenseni02,Nick,Jensen,DET,US,D,0.7562609063807495
427,jerabja01,Jakub,Jerabek,TOT,CS,D,0.7422621462722024
428,johanma03,Marcus,Johansson,NJD,SE,C,0.8204061480588464
429,johanry01,Ryan,Johansen,NSH,CA,C,0.8773186102161807
430,johnser01,Erik,Johnson,COL,US,D,0.8383615590172512
431,johnsja02,Jack,Johnson,CBJ,US,D,0.7751618043226123
432,johnsro02,Ross,Johnston,NYI,CA,LW,0.7150149831204434
433,johnsst03,Stephen,Johns,DAL,US,D,0.7781816967069227
434,johnsty01,Tyler,Johnson,TBL,US,C,0.8420059251559595
435,jokinju01,Jussi,Jokinen,TOT,FI,C,0.7945372436068647
436,jokipjy01,Jyrki,Jokipakka,TOT,FI,D,0.7022478958106441
437,jonesda01,David,Jones,TOT,CA,RW,0.7320678981010169
438,jonesse01,Seth,Jones,CBJ,US,D,0.8749762355281621
439,joorijo01,Josh,Jooris,TOT,CA,C,0.7104474257720033
440,jordami01,Michal,Jordan,CAR,CS,D,0.6580473215693233
441,josefja01,Jacob,Josefson,BUF,SE,C,0.6977388094221542
442,josiro01,Roman,Josi,NSH,CH,D,0.8969191982841109
443,jostty01,Tyson,Jost,COL,CA,C,0.7408739643296577
444,jurcoto01,Tomas,Jurco,CHI,CS,RW,0.7254786707432811
445,juulsno01,Noah,Juulsen,MTL,CA,D,0.7375387690118113
446,kadrina01,Nazem,Kadri,TOR,CA,C,0.8697643674575064
447,kalinse01,Sergey,Kalinin,NJD,RU,C,0.6940527012602964
448,kampfda01,David,Kampf,CHI,CZ,C,0.7467085648028644
449,kampfst01,Steven,Kampfer,NYR,US,D,0.703842925946007
450,kaneev01,Evander,Kane,TOT,CA,LW,0.8631356982371503
451,kanepa01,Patrick,Kane,CHI,US,RW,0.9096807777210107
452,kapanka01,Kasperi,Kapanen,TOR,FI,RW,0.7675936425669697
453,karlser01,Erik,Karlsson,OTT,SE,D,0.9265431338242665
454,karlsme01,Melker,Karlsson,SJS,SE,C,0.7572910442342441
455,karlswi01,William,Karlsson,VEG,SE,C,0.8317071550708941
456,kaseon01,Ondrej,Kase,ANA,CZ,RW,0.7991735166570666
457,kassiza01,Zack,Kassian,EDM,CA,RW,0.7410224133624089
458,keithdu01,Duncan,Keith,CHI,CA,D,0.8452894155238578
459,kellecl01,Clayton,Keller,ARI,US,C,0.8624211435027425
460,kellych01,Chris,Kelly,ANA,CA,C,0.6541428666462688
461,kempead01,Adrian,Kempe,LAK,SE,LW,0.7526865700030153
462,kempema01,Mario,Kempe,ARI,SE,C,0.7076071833642107
463,kempnmi01,Michal,Kempny,TOT,CS,D,0.7548187213988982
464,kemppjo01,Joonas,Kemppainen,BOS,FI,LW,0.6615191941637463
465,kennety01,Tyler,Kennedy,NJD,CA,C,0.7683022012619471
466,kerfoal01,Alexander,Kerfoot,COL,CA,C,0.7975981817139254
467,kerota01,Tanner,Kero,CHI,US,RW,0.7406277076619915
468,keslery01,Ryan,Kesler,ANA,US,C,0.8549503884903575
469,kesseph01,Phil,Kessel,PIT,US,RW,0.8861870290595039
470,khairju01,Jujhar,Khaira,EDM,CA,LW,0.7480015999264822
471,killoal01,Alex,Killorn,TBL,CA,C,0.8270495259250761
472,kindlja01,Jakub,Kindl,FLA,CS,D,0.7049525521469104
473,kingdw01,Dwight,King,TOT,CA,LW,0.7307993527173742
474,klefbos01,Oscar,Klefbom,EDM,SE,D,0.8250214839952265
475,kleinke01,Kevin,Klein,NYR,CA,D,0.791762108223381
476,klingjo01,John,Klingberg,DAL,SE,D,0.8888570399703918
477,klinkro01,Rob,Klinkhammer,EDM,CA,LW,0.6608762860794571
478,knighco01,Corban,Knight,FLA,CA,C,0.7232009900891411
479,koekksl01,Slater,Koekkoek,TBL,CA,D,0.7102107449548234
480,koivumi01,Mikko,Koivu,MIN,FI,C,0.8725898147437537
481,komarle01,Leo,Komarov,TOR,RU,C,0.8070639485198406
482,konectr01,Travis,Konecny,PHI,CA,C,0.8123671420045989
483,kopitan01,Anze,Kopitar,LAK,SI,C,0.9227091440395561
484,korpila01,Lauri,Korpikoski,TOT,FI,LW,0.7323886722167592
485,kostkmi01,Mike,Kostka,OTT,CA,D,0.6756759112394275
486,kreidch01,Chris,Kreider,NYR,US,C,0.8613967039085759
487,krejcda01,David,Krejci,BOS,CS,C,0.8660753847360092
488,kronwni01,Niklas,Kronwall,DET,SE,D,0.7754891494702953
489,krugema01,Marcus,Kruger,CAR,SE,C,0.7501797053440857
490,krugto01,Torey,Krug,BOS,US,D,0.8761097267530568
491,kucheni01,Nikita,Kucherov,TBL,RU,RW,0.9246159382416362
492,kuhnhto01,Tom,Kuhnhackl,PIT,DE,RW,0.7405281130938688
493,kukande01,Dean,Kukan,CBJ,CH,D,0.8057637597276897
494,kulakbr01,Brett,Kulak,CGY,CA,D,0.7014004148282837
495,kulemni01,Nikolai,Kulemin,NYI,RU,LW,0.7539121304931307
496,kulikdm01,Dmitry,Kulikov,WPG,RU,D,0.7321594838950828
497,kuninlu01,Luke,Kunin,MIN,US,C,0.719333361607191
498,kunitch01,Chris,Kunitz,TBL,CA,LW,0.8007448279612073
499,kuralse01,Sean,Kuraly,BOS,US,C,0.7597003228265011
500,kuzneev01,Evgeny,Kuznetsov,WSH,RU,C,0.8864259571841712
501,labanke01,Kevin,Labanc,SJS,US,RW,0.7990038023451755
502,labatjo01,Joseph,Labate,VAN,US,C,0.5937285617322848
503,laddan01,Andrew,Ladd,NYI,CA,LW,0.8057154511481025
504,laduepa01,Paul,Ladue,LAK,US,D,0.8012484763419996
505,laichbr01,Brooks,Laich,LAK,CA,C,0.6719021470019036
506,lainepa01,Patrik,Laine,WPG,FI,RW,0.8750315421255512
507,landean01,Anton,Lander,EDM,SE,C,0.7195920097810844
508,landega01,Gabriel,Landeskog,COL,SE,LW,0.8670384422339124
509,lappini01,Nick,Lappin,NJD,US,RW,0.6968214775816932
510,larkidy01,Dylan,Larkin,DET,US,C,0.8402095548812244
511,larseph01,Philip,Larsen,VAN,DK,D,0.7081022467238357
512,larssad01,Adam,Larsson,EDM,SE,D,0.8153127847565043
513,larssjo02,Johan,Larsson,BUF,SE,LW,0.7481841801308402
514,lattami01,Michael,Latta,WSH,CA,C,0.7036246827654874
515,laughsc01,Scott,Laughton,PHI,CA,C,0.7473013972716702
516,lazarcu01,Curtis,Lazar,CGY,CA,C,0.706562947721472
517,lecavvi01,Vincent,Lecavalier,TOT,CA,C,0.7560359384098795
518,leddyni01,Nick,Leddy,NYI,US,D,0.835612752885042
519,leean01,Anders,Lee,NYI,US,C,0.8537964319580843
520,legwada01,David,Legwand,BUF,US,C,0.6737318021118812
521,lehkoar01,Artturi,Lehkonen,MTL,FI,LW,0.7924146492656027
522,lehtejo01,Jori,Lehtera,PHI,FI,C,0.7226356971958441
523,leierta01,Taylor,Leier,PHI,CA,LW,0.689837083887725
524,leipsbr01,Brendan,Leipsic,TOT,CA,LW,0.7614390995018466
525,leivojo01,Josh,Leivo,TOR,CA,LW,0.7943689168929341
526,lernobr01,Brett,Lernout,MTL,CA,D,0.6856566172109579
527,lessilu01,Lucas,Lessio,MTL,CA,LW,0.716716548659573
528,letankr01,Kris,Letang,PIT,CA,D,0.9113547425256442
529,letesma01,Mark,Letestu,TOT,CA,C,0.7707866149686351
530,lettivi01,Vinni,Lettieri,NYR,US,C,0.7063041964991869
531,lewistr01,Trevor,Lewis,LAK,US,C,0.7955182349748954
532,lilesjo01,John-Michael,Liles,BOS,US,D,0.7505377703221017
533,lindbos01,Oskar,Lindblom,PHI,SE,LW,0.7784162681563848
534,lindbos02,Oscar,Lindberg,VEG,SE,C,0.7385005645676292
535,lindees01,Esa,Lindell,DAL,FI,D,0.7993875693629289
536,lindhan01,Anton,Lindholm,COL,SE,D,0.6808712448540466
537,lindhel01,Elias,Lindholm,CAR,SE,C,0.852581849542624
538,lindhha01,Hampus,Lindholm,ANA,SE,D,0.8470206786741926
539,littlbr01,Bryan,Little,WPG,CA,RW,0.8543545890866865
540,lovejbe01,Ben,Lovejoy,NJD,US,D,0.7603597857517104
541,lowryad01,Adam,Lowry,WPG,US,LW,0.8354017001829099
542,lucicmi01,Milan,Lucic,EDM,CA,LW,0.8422796838130712
543,lupuljo01,Joffrey,Lupul,TOR,CA,LW,0.7537801672519302
544,lyubiro01,Roman,Lyubimov,PHI,RU,LW,0.6975608465976683
545,maattol01,Olli,Maatta,PIT,FI,D,0.783159350058618
546,macdeku01,Kurtis,MacDermid,LAK,CA,D,0.6671408612544137
547,macdoan01,Andrew,MacDonald,PHI,CA,D,0.7862316741836145
548,mackede01,Derek,MacKenzie,FLA,CA,C,0.7273675773739965
549,mackina01,Nathan,MacKinnon,COL,CA,C,0.8958095083581582
550,malgide01,Denis,Malgin,FLA,CH,C,0.7553353540105888
551,malkiev01,Evgeni,Malkin,PIT,RU,C,0.924148567239936
552,malonbr01,Brad,Malone,CAR,CA,C,0.682945270909804
553,maminma01,Maxim,Mamin,FLA,RU,C,0.6950456443366647
554,mannibr01,Brandon,Manning,PHI,CA,D,0.7641392191297053
555,mansojo01,Josh,Manson,ANA,US,D,0.833231985069156
556,manthan01,Anthony,Mantha,DET,CA,RW,0.8494801072659951
557,marchal01,Alexey,Marchenko,TOT,RU,D,0.7384983552624593
558,marchbr03,Brad,Marchand,BOS,CA,LW,0.934165293060901
559,marinma01,Martin,Marincin,TOR,CS,D,0.7586883300202675
560,markoan01,Andrei,Markov,MTL,RU,D,0.8601088245080186
561,marlepa01,Patrick,Marleau,TOR,CA,C,0.8404546776528594
562,marnemi01,Mitch,Marner,TOR,CA,C,0.8759950253324478
563,maroopa01,Patrick,Maroon,TOT,US,LW,0.8276062995635937
564,martial01,Alec,Martinez,LAK,US,D,0.8272682334302903
565,martian01,Andreas,Martinsen,TOT,NO,LW,0.6912572431800315
566,martijo01,Jordan,Martinook,ARI,CA,LW,0.7607234850534385
567,martima02,Matt,Martin,TOR,CA,LW,0.7517609511148806
568,martipa01,Paul,Martin,SJS,US,D,0.7656448852472992
569,mashibr01,Brandon,Mashinter,CHI,CA,LW,0.6607968360928299
570,mathemi01,Mike,Matheson,FLA,CA,D,0.7925284374008597
571,mattest02,Stefan,Matteau,TOT,US,LW,0.6456676073820451
572,matthau01,Auston,Matthews,TOR,US,C,0.8995551057201314
573,matthsh01,Shawn,Matthias,WPG,CA,C,0.718541811163647
574,mayfisc01,Scott,Mayfield,NYI,US,D,0.7747278427640749
575,mcavoch01,Charlie,McAvoy,BOS,US,D,0.8701152103004782
576,mcbaija02,Jamie,McBain,LAK,US,D,0.7203951986620647
577,mccabja01,Jake,McCabe,BUF,US,D,0.7655120967356597
578,mccanja01,Jared,McCann,FLA,CA,C,0.7434385918252091
579,mccarmi01,Michael,McCarron,MTL,US,RW,0.6811076580803945
580,mccleja01,Jay,McClement,CAR,CA,C,0.6848018457082985
581,mccorma01,Max,McCormick,OTT,US,LW,0.7143013247200432
582,mccosia01,Ian,McCoshen,FLA,US,D,0.6824402668250399
583,mcdavco01,Connor,McDavid,EDM,CA,C,0.9440595846016523
584,mcdonry01,Ryan,McDonagh,TOT,US,D,0.8560897114384374
585,mcginbr01,Brock,McGinn,CAR,CA,LW,0.7673356202899749
586,mcginja01,Jamie,McGinn,FLA,CA,LW,0.7572005605769324
587,mcilrdy01,Dylan,McIlrath,NYR,CA,D,0.7346917450244556
588,mckeggr01,Greg,McKegg,PIT,CA,C,0.6875580734964291
589,mckencu01,Curtis,McKenzie,DAL,CA,LW,0.7661262127804116
590,mcleoco01,Cody,McLeod,TOT,CA,LW,0.6580594468877328
591,mcnabbr01,Brayden,McNabb,VEG,CA,D,0.7871425946040262
592,mcquaad01,Adam,McQuaid,BOS,CA,D,0.7338983912563155
593,medveev01,Evgeny,Medvedev,PHI,RU,D,0.7783755717094536
594,megnaja01,Jayson,Megna,VAN,US,C,0.6953356988440604
595,megnaja02,Jaycob,Megna,ANA,US,D,0.6884230082559558
596,meierti01,Timo,Meier,SJS,CH,RW,0.8037620631793195
597,melchju01,Julian,Melchiori,WPG,CA,D,0.6910001683402043
598,merrijo01,Jonathon,Merrill,VEG,US,D,0.7143417722987262
599,merscmi01,Michael,Mersch,LAK,US,LW,0.670028921779701
600,metevi01,Victor,Mete,MTL,CA,D,0.710889351408107
601,methoma01,Marc,Methot,DAL,CA,D,0.7455830393319028
602,michami01,Milan,Michalek,TOT,CS,RW,0.7837137158317982
603,michazb01,Zbynek,Michalek,ARI,CS,D,0.7007165157541563
604,milanso01,Sonny,Milano,CBJ,US,LW,0.7758990680454005
605,milleco02,Colin,Miller,VEG,CA,D,0.8137237619446589
606,milledr01,Drew,Miller,DET,US,LW,0.6810827973072262
607,millejt01,J.T.,Miller,TOT,US,C,0.8475765092746281
608,milleke03,Kevan,Miller,BOS,US,D,0.7977888791813151
609,mitchjo01,John,Mitchell,COL,CA,C,0.7098919043140928
610,mitchto01,Torrey,Mitchell,TOT,CA,C,0.7343608586490635
611,mitchwi01,Willie,Mitchell,FLA,CA,D,0.7267450722142377
612,mitchza01,Zack,Mitchell,MIN,CA,RW,0.6438254300320772
613,moentr01,Travis,Moen,DAL,CA,LW,0.6538923394319173
614,monahse01,Sean,Monahan,CGY,CA,C,0.8760242704943215
615,montobr01,Brandon,Montour,ANA,CA,D,0.7872422714633167
616,mooredo01,Dominic,Moore,TOR,CA,C,0.7431137488018805
617,moorejo01,John,Moore,NJD,US,D,0.7629373493681747
618,morrijo04,Josh,Morrissey,WPG,CA,D,0.8043658250726343
619,morrojo02,Joseph,Morrow,TOT,CA,D,0.7251553694851445
620,mottety01,Tyler,Motte,TOT,US,C,0.7137336058505195
621,moulsma01,Matt,Moulson,BUF,CA,LW,0.6733643469651107
622,muellmi01,Mirco,Mueller,NJD,CH,D,0.6737389408972221
623,murphco02,Connor,Murphy,CHI,US,D,0.7726006812264903
624,murphry01,Ryan,Murphy,MIN,CA,D,0.7132057606315644
625,murrary01,Ryan,Murray,CBJ,CA,D,0.7732242080206642
626,muzzija01,Jake,Muzzin,LAK,CA,D,0.8649064040485955
627,myersty01,Tyler,Myers,WPG,US,D,0.8270771797338236
628,naklaja01,Jakub,Nakladal,CGY,CS,D,0.7253110277769299
629,namesvl01,Vladislav,Namestnikov,TOT,RU,C,0.8069646741698663
630,nashri01,Rick,Nash,TOT,CA,LW,0.8118397077434498
631,nashri02,Riley,Nash,BOS,CA,C,0.8081865467046341
632,nealja01,James,Neal,VEG,CA,LW,0.8489407460964449
633,neilch01,Chris,Neil,OTT,CA,RW,0.6811786260992247
634,nelsobr01,Brock,Nelson,NYI,US,C,0.7860241405023747
635,nelsoca01,Casey,Nelson,BUF,US,D,0.7042288313008567
636,nemetpa01,Patrik,Nemeth,COL,SE,D,0.7545278811627385
637,nesteni01,Nikita,Nesterov,TOT,RU,D,0.7381436384141755
638,nestran01,Andrej,Nestrasil,CAR,CS,RW,0.7657229601503123
639,nichuva01,Valeri,Nichushkin,DAL,RU,RW,0.7711140804353058
640,niedeni01,Nino,Niederreiter,MIN,CH,RW,0.850737577110701
641,nielsfr01,Frans,Nielsen,DET,DK,C,0.8202601487809634
642,nietoma01,Matthew,Nieto,COL,US,LW,0.7581113724877675
643,nievecr01,Boo,Nieves,NYR,US,C,0.760071428857731
644,nikitni01,Nikita,Nikitin,EDM,RU,D,0.6845095425970497
645,niskama01,Matt,Niskanen,WSH,US,D,0.845388253899189
646,noesest01,Stefan,Noesen,NJD,US,RW,0.7871643410109178
647,nolanjo01,Jordan,Nolan,BUF,CA,C,0.6784874439231824
648,nordsjo02,Joakim,Nordstrom,CAR,SE,C,0.7171032624029647
649,nosekto01,Tomas,Nosek,VEG,CS,C,0.7166695617188604
650,nugenry01,Ryan,Nugent-Hopkins,EDM,CA,C,0.8517510553746018
651,nurseda01,Darnell,Nurse,EDM,CA,D,0.7924037251919156
652,nutivma01,Markus,Nutivaara,CBJ,FI,D,0.7487376773784052
653,nylanwi01,William,Nylander,TOR,CA,C,0.8568544170650132
654,nyquigu01,Gustav,Nyquist,DET,SE,RW,0.8274895187701721
655,nystrer01,Eric,Nystrom,NSH,US,LW,0.7374062911512167
656,oduyajo01,Johnny,Oduya,TOT,SE,D,0.7488720890494398
657,oestejo01,Jordan,Oesterle,CHI,US,D,0.7836186616479952
658,ogararo01,Rob,O'Gara,TOT,US,D,0.6855782880571984
659,okposky01,Kyle,Okposo,BUF,US,RW,0.8476938563085749
660,oleksja01,Jamie,Oleksiak,TOT,CA,D,0.7522190204812497
661,oleksst01,Steven,Oleksy,PIT,US,D,0.7427131844998931
662,olofsgu01,Gustav,Olofsson,MIN,SE,D,0.7349560214945046
663,oneilbr01,Brian,O'Neill,NJD,US,C,0.6670720223397597
664,oregada01,Daniel,O'Regan,TOT,DE,C,0.6978111274512772
665,oreilca01,Cal,O'Reilly,BUF,CA,C,0.6419942371624989
666,oreilry01,Ryan,O'Reilly,BUF,CA,C,0.9061235791370004
667,orlovdm01,Dmitry,Orlov,WSH,RU,D,0.8221528917167744
668,orpikbr01,Brooks,Orpik,WSH,US,D,0.7583660412458975
669,oshietj01,T.J.,Oshie,WSH,US,C,0.8727317064449214
670,ottst01,Steve,Ott,TOT,CA,C,0.7055627458631412
671,ouellxa01,Xavier,Ouellet,DET,FR,D,0.7325539285644256
672,ovechal01,Alex,Ovechkin,WSH,RU,LW,0.9104683309640288
673,paajama01,Magnus,Paajarvi,TOT,SE,LW,0.7442925498296704
674,pacioma01,Max,Pacioretty,MTL,US,LW,0.8726230995471951
675,pageaje01,Jean-Gabriel,Pageau,OTT,CA,C,0.813114508768221
676,paillda01,Daniel,Paille,NYR,CA,LW,0.610174711598431
677,pakarii01,Iiro,Pakarinen,EDM,FI,RW,0.6973757113944807
678,palaton01,Ondrej,Palat,TBL,CS,LW,0.8623091684715896
679,palmiky01,Kyle,Palmieri,NJD,US,RW,0.8631313501036455
680,panarar01,Artemi,Panarin,CBJ,RU,LW,0.8987862075512495
681,panikri01,Richard,Panik,TOT,CS,RW,0.8136729808667772
682,paquece01,Cedric,Paquette,TBL,CA,C,0.7328813823570228
683,parayco01,Colton,Parayko,STL,CA,D,0.8449165744487629
684,pardyad01,Adam,Pardy,TOT,CA,D,0.7234939022297493
685,parenpi01,P.A.,Parenteau,TOT,CA,LW,0.7993877097055917
686,parisza01,Zach,Parise,MIN,US,LW,0.8460115822196491
687,pastrda01,David,Pastrnak,BOS,CZ,RW,0.8907429333838269
688,patergr01,Greg,Pateryn,DAL,US,D,0.7777111191813022
689,patrino01,Nolan,Patrick,PHI,CA,C,0.776281261250735
690,paulni01,Nick,Paul,OTT,CA,LW,0.6656596681082831
691,paveljo01,Joe,Pavelski,SJS,US,C,0.906573508943289
692,pearsta01,Tanner,Pearson,LAK,CA,LW,0.8320008894798359
693,pedanan01,Andrey,Pedan,VAN,LT,D,0.6200373242025261
694,pelecad01,Adam,Pelech,NYI,CA,D,0.766859230222658
695,pelusan01,Anthony,Peluso,WPG,CA,RW,0.6723465353246152
696,perlibr01,Brendan,Perlini,ARI,GB,LW,0.7606933929729194
697,perrema01,Mathieu,Perreault,WPG,CA,C,0.862654236641628
698,perroda01,David,Perron,VEG,CA,LW,0.8714388224800149
699,perryco01,Corey,Perry,ANA,CA,RW,0.8536984030611888
700,pescebr01,Brett,Pesce,CAR,US,D,0.8102931159298209
701,petanni01,Nic,Petan,WPG,CA,C,0.6908179553393812
702,petroal01,Alexander,Petrovic,FLA,CA,D,0.7688449064983981
703,petryje01,Jeff,Petry,MTL,US,D,0.8481641968037362
704,pettema01,Marcus,Pettersson,ANA,SE,D,0.7005554776556602
705,phanedi01,Dion,Phaneuf,TOT,CA,D,0.8051590509771548
706,pietral01,Alex,Pietrangelo,STL,CA,D,0.8888904121786431
707,pionkne01,Neal,Pionk,NYR,US,D,0.8312087060714347
708,pirribr01,Brandon,Pirri,NYR,CA,C,0.7550745865246498
709,pitlity01,Tyler,Pitlick,DAL,US,C,0.7743171370577024
710,plekato01,Tomas,Plekanec,TOT,CS,C,0.81466602380236
711,plotnse01,Sergei,Plotnikov,TOT,RU,LW,0.7009660096149886
712,pointbr01,Brayden,Point,TBL,CA,C,0.8666986726430583
713,polakro01,Roman,Polak,TOR,CS,D,0.7732352881530962
714,pominja01,Jason,Pominville,BUF,CA,RW,0.8081022416589123
715,poolmtu01,Tucker,Poolman,WPG,US,D,0.6879149202758063
716,portech01,Chris,Porter,MIN,CA,C,0.6830844480309647
717,porteke01,Kevin,Porter,PIT,US,C,0.7171486518740028
718,postmpa01,Paul,Postma,BOS,CA,D,0.6708804611887981
719,poulibe01,Benoit,Pouliot,BUF,CA,LW,0.7421181930892903
720,poulide01,Derrick,Pouliot,VAN,CA,D,0.7341195404271547
721,princsh01,Shane,Prince,NYI,US,C,0.6919448085202903
722,prossna01,Nate,Prosser,TOT,US,D,0.7091637143201247
723,proutda01,Dalton,Prout,TOT,CA,D,0.7331603022895097
724,provoiv01,Ivan,Provorov,PHI,RU,D,0.8439096770690555
725,prustbr01,Brandon,Prust,VAN,CA,LW,0.6994738059955568
726,puempma01,Matt,Puempel,TOT,CA,LW,0.6829212142692642
727,puljuje01,Jesse,Puljujarvi,EDM,SE,RW,0.7560025440583369
728,pulkkte01,Teemu,Pulkkinen,TOT,FI,RW,0.681429400590665
729,pulocry01,Ryan,Pulock,NYI,CA,D,0.7976707607337804
730,purcete01,Teddy,Purcell,LAK,CA,RW,0.7213693822448674
731,pyattto01,Tom,Pyatt,OTT,CA,C,0.7420347277298496
732,pysykma01,Mark,Pysyk,FLA,CA,D,0.7623531287457843
733,quennjo02,John,Quenneville,NJD,CA,C,0.7517992829383356
734,quincky01,Kyle,Quincey,MIN,CA,D,0.7216253840247405
735,quineal01,Alan,Quine,NYI,CA,C,0.6857999185363505
736,radulal01,Alexander,Radulov,DAL,RU,RW,0.8854439792896084
737,rafflmi01,Michael,Raffl,PHI,AT,LW,0.759749421634864
738,rakelri01,Rickard,Rakell,ANA,SE,RW,0.8778956973794766
739,randety01,Tyler,Randell,BOS,CA,RW,0.6839459182421455
740,rantami01,Mikko,Rantanen,COL,FI,RW,0.8674720746075247
741,raskvi01,Victor,Rask,CAR,SE,C,0.8098439314230788
742,rasmude01,Dennis,Rasmussen,ANA,SE,C,0.6985506788806725
743,rattity01,Ty,Rattie,EDM,CA,RW,0.8048788667244693
744,rauky01,Kyle,Rau,FLA,US,C,0.6717711187630111
745,raymoma01,Mason,Raymond,CGY,CA,LW,0.6718157088105857
746,readma01,Matt,Read,PHI,CA,RW,0.735024432728358
747,reavery01,Ryan,Reaves,TOT,CA,RW,0.71061252798812
748,redmoza01,Zach,Redmond,MTL,US,D,0.7702448811200073
749,reillmi01,Mike,Reilly,TOT,US,D,0.7036827730770415
750,reinhgr01,Griffin,Reinhart,EDM,CA,D,0.6833530788411292
751,reinhsa01,Sam,Reinhart,BUF,CA,C,0.8389401606955242
752,ribeimi01,Mike,Ribeiro,NSH,CA,C,0.7822093778539969
753,richabr01,Brad,Richards,DET,CA,C,0.7770968883140548
754,richabr02,Brad,Richardson,ARI,CA,C,0.7772685344558695
755,richami02,Mike,Richards,WSH,CA,C,0.7219344988715383
756,riedeto01,Tobias,Rieder,TOT,DE,C,0.7759063953844549
757,riellmo01,Morgan,Rielly,TOR,CA,D,0.8440238991173616
758,rinalza01,Zac,Rinaldo,ARI,CA,C,0.6730213261273684
759,ristora01,Rasmus,Ristolainen,BUF,FI,D,0.8723163734949404
760,ritchbr01,Brett,Ritchie,DAL,CA,RW,0.7721389444534279
761,ritchni01,Nick,Ritchie,ANA,CA,LW,0.7772315355679418
762,rodriev01,Evan,Rodrigues,BUF,CA,C,0.7615357990023514
763,rosloja01,Jack,Roslovic,WPG,US,C,0.7814714606021459
764,roussan01,Antoine,Roussel,DAL,FR,LW,0.7890921907116653
765,rowneca01,Carter,Rowney,PIT,CA,RW,0.7333665295708889
766,royke01,Kevin,Roy,ANA,CA,C,0.7201668322840175
767,rozsimi01,Michal,Rozsival,CHI,CS,D,0.7331456468702728
768,ruhwech01,Chad,Ruhwedel,PIT,US,D,0.7391084665785359
769,russekr01,Kris,Russell,EDM,CA,D,0.7842202338261984
770,russoro01,Robbie,Russo,DET,US,D,0.6651287129408479
771,rustbr01,Bryan,Rust,PIT,US,RW,0.833422072453688
772,ruttaja02,Jan,Rutta,CHI,CS,D,0.7857458129274788
773,ruututu01,Tuomo,Ruutu,NJD,FI,C,0.6657987864191915
774,ryanbo01,Bobby,Ryan,OTT,US,LW,0.8233903427742947
775,ryande01,Derek,Ryan,CAR,US,C,0.8190060415231414
776,ryanjo02,Joakim,Ryan,SJS,US,D,0.7657750898829736
777,rycheke01,Kerby,Rychel,CBJ,US,LW,0.7325317270803483
778,saadbr01,Brandon,Saad,CHI,US,LW,0.8311538349998143
779,salommi01,Miikka,Salomaki,NSH,FI,RW,0.7516840714089539
780,sanfoza01,Zachary,Sanford,TOT,US,LW,0.6851758393279553
781,sanhetr01,Travis,Sanheim,PHI,CA,D,0.7280319050987815
782,santist01,Steven,Santini,NJD,US,D,0.7738674995481121
783,santomi01,Mike,Santorelli,ANA,CA,C,0.7038706128731234
784,savarda01,David,Savard,CBJ,CA,D,0.8083259875899979
785,sbisalu01,Luca,Sbisa,VEG,IT,D,0.7857974859355328
786,scandma01,Marco,Scandella,BUF,CA,D,0.7753622375085697
787,scevico01,Colton,Sceviour,FLA,CA,C,0.7713250553254691
788,schalti01,Tim,Schaller,BOS,US,LW,0.7624523862933298
789,scheima01,Mark,Scheifele,WPG,CA,C,0.9141633748697864
790,schenbr01,Brayden,Schenn,STL,CA,C,0.8816978397516457
791,schenlu01,Luke,Schenn,ARI,CA,D,0.7458201414763983
792,scherni01,Nikita,Scherbak,MTL,RU,RW,0.7126634231351181
793,schleda01,David,Schlemko,MTL,CA,D,0.7580815329005457
794,schmajo01,Jordan,Schmaltz,STL,US,D,0.6372268928628169
795,schmani01,Nick,Schmaltz,CHI,US,C,0.8164674337041762
796,schmina01,Nate,Schmidt,VEG,US,D,0.8070793600343329
797,schrojo01,Jordan,Schroeder,CBJ,US,C,0.6717816904402417
798,schulju01,Justin,Schultz,PIT,CA,D,0.8212990107151747
799,schulni01,Nick,Schultz,PHI,CA,D,0.7315360335628558
800,schwaja01,Jaden,Schwartz,STL,CA,C,0.8874901994436228
801,scottjo01,John,Scott,TOT,CA,LW,0.6891454546417384
802,scudero01,Rob,Scuderi,TOT,US,D,0.7007051512169435
803,seabrbr01,Brent,Seabrook,CHI,CA,D,0.8191642894414242
804,sedinda01,Daniel,Sedin,VAN,SE,LW,0.8248781233949134
805,sedinhe01,Henrik,Sedin,VAN,SE,C,0.8168329967699592
806,sedlalu01,Lukas,Sedlak,CBJ,CZ,C,0.7311322288050506
807,seeleni01,Nick,Seeler,MIN,US,D,0.7609920518590829
808,seguity01,Tyler,Seguin,DAL,CA,C,0.9109786806892127
809,seidede01,Dennis,Seidenberg,NYI,DE,D,0.7499494276717191
810,sekacji01,Jiri,Sekac,TOT,CS,LW,0.702861910982273
811,sekeran01,Andrej,Sekera,EDM,CS,D,0.7723698382633697
812,seminal01,Alexander,Semin,MTL,RU,LW,0.7412389076175354
813,sergami01,Mikhail,Sergachev,TBL,RU,D,0.804006352765376
814,sestito01,Tom,Sestito,PIT,US,LW,0.6398053786566005
815,setogde01,Devin,Setoguchi,LAK,CA,RW,0.7596030447547961
816,severda01,Damon,Severson,NJD,CA,D,0.7762790969669318
817,sgarbmi01,Michael,Sgarbossa,TOT,CA,C,0.7271624304437577
818,sharppa01,Patrick,Sharp,CHI,CA,LW,0.7773318264436221
819,shattke01,Kevin,Shattenkirk,NYR,US,D,0.8401759175534116
820,shawan01,Andrew,Shaw,MTL,CA,C,0.8099009403430697
821,shawlo01,Logan,Shaw,TOT,CA,RW,0.6950295551456015
822,sheahri01,Riley,Sheahan,TOT,CA,C,0.7612509802368413
823,shearco01,Conor,Sheary,PIT,US,LW,0.798474963205432
824,shorede01,Devin,Shore,DAL,CA,C,0.7812515515010343
825,shoredr01,Drew,Shore,VAN,US,C,0.6699301996912219
826,shoreni01,Nick,Shore,TOT,US,C,0.7676765943388525
827,siemedu01,Duncan,Siemens,COL,CA,D,0.7423402523790923
828,silfvja01,Jakob,Silfverberg,ANA,SE,LW,0.8508096857746624
829,simmowa01,Wayne,Simmonds,PHI,CA,RW,0.8638240729751031
830,simondo01,Dominik,Simon,PIT,CZ,C,0.7908442268424236
831,sislomi01,Mike,Sislo,NJD,US,RW,0.7000361146115164
832,sissoco01,Colton,Sissons,NSH,CA,C,0.7740717036025573
833,skillja01,Jack,Skille,VAN,US,RW,0.7040868133068381
834,skinnje01,Jeff,Skinner,CAR,CA,C,0.8532333100614935
835,skjeibr01,Brady,Skjei,NYR,US,D,0.7966782676280998
836,slavija01,Jaccob,Slavin,CAR,US,D,0.8502442719744422
837,slepyan01,Anton,Slepyshev,EDM,RU,LW,0.7116900489987423
838,smidla01,Ladislav,Smid,CGY,CS,D,0.6536321064545974
839,smithbe01,Ben,Smith,TOT,US,RW,0.7178778545597208
840,smithbr05,Brendan,Smith,NYR,CA,D,0.7398402283728459
841,smithcr01,Craig,Smith,NSH,US,C,0.8124568247888304
842,smithde06,Devante,Smith-Pelly,WSH,CA,RW,0.7418400848227522
843,smithge02,Gemel,Smith,DAL,CA,C,0.7554216554116175
844,smithre01,Reilly,Smith,VEG,CA,RW,0.8748127121399192
845,smithza01,Zack,Smith,OTT,CA,C,0.7893685280653786
846,sobotvl01,Vladimir,Sobotka,STL,CS,C,0.791312450354145
847,soderca01,Carl,Soderberg,COL,SE,C,0.7853602247003837
848,sorenma01,Marcus,Sorensen,SJS,SE,RW,0.7314823786514354
849,soshnni01,Nikita,Soshnikov,TOT,RU,RW,0.7055942919436143
850,spalini01,Nick,Spaling,TOT,CA,C,0.7343549913010974
851,spezzja01,Jason,Spezza,DAL,CA,C,0.8101238610446608
852,spoonry01,Ryan,Spooner,TOT,CA,C,0.8170523262307215
853,spronda01,Daniel,Sprong,PIT,NL,RW,0.6369286146296252
854,sproury01,Ryan,Sproul,NYR,CA,D,0.7236920386585763
855,spurgja01,Jared,Spurgeon,MIN,CA,D,0.872436763325838
856,staaler01,Eric,Staal,MIN,CA,C,0.88787865301938
857,staaljo01,Jordan,Staal,CAR,CA,C,0.888610460513357
858,staalma01,Marc,Staal,NYR,CA,D,0.7313574078834101
859,staffdr01,Drew,Stafford,NJD,US,RW,0.7558953924639108
860,stajama01,Matt,Stajan,CGY,CA,C,0.7531467348425271
861,stalbvi01,Viktor,Stalberg,TOT,SE,LW,0.7424409100551195
862,stamkst01,Steven,Stamkos,TBL,CA,C,0.9183044222857396
863,stastpa01,Paul,Stastny,TOT,CA,C,0.8711163021944917
864,stechtr01,Troy,Stecher,VAN,CA,D,0.7529965955109602
865,steenal01,Alex,Steen,STL,CA,C,0.8593601486572005
866,stemple01,Lee,Stempniak,CAR,US,RW,0.7836250931357377
867,stepade01,Derek,Stepan,ARI,US,C,0.8588492086039703
868,stephch02,Chandler,Stephenson,WSH,CA,C,0.7273607149626141
869,stewach02,Chris,Stewart,TOT,CA,RW,0.7144492608585775
870,stollja01,Jarret,Stoll,TOT,CA,C,0.6867529217810713
871,stollka01,Karl,Stollery,NJD,CA,D,0.7672569657313988
872,stonecl01,Clayton,Stoner,ANA,CA,D,0.7683028897643462
873,stonema01,Mark,Stone,OTT,CA,RW,0.9129603773986552
874,stonemi01,Michael,Stone,CGY,CA,D,0.7648329368888833
875,straibr01,Brian,Strait,NYI,US,D,0.7083315555685993
876,stralan01,Anton,Stralman,TBL,SE,D,0.802944550767698
877,streima01,Mark,Streit,TOT,CH,D,0.7977901437592113
878,stromdy01,Dylan,Strome,ARI,CA,C,0.7639558214877697
879,stromry01,Ryan,Strome,EDM,CA,C,0.7806049055129143
880,stuarma01,Mark,Stuart,WPG,US,D,0.6934796563276875
881,subbapk01,P.K.,Subban,NSH,CA,D,0.8943552197988814
882,sundqos01,Oskar,Sundqvist,STL,SE,C,0.7112020594130781
883,sustran01,Andrej,Sustr,TBL,CS,D,0.7289270534950298
884,suterry01,Ryan,Suter,MIN,US,D,0.8889996807768952
885,suttebr03,Brandon,Sutter,VAN,US,C,0.8083938168227649
886,svechev01,Evgeny,Svechnikov,DET,RU,LW,0.7329532126842516
887,svedbvi01,Viktor,Svedberg,CHI,SE,D,0.7017167147195784
888,szwarjo01,Jordan,Szwarz,BOS,CA,RW,0.7185166139509472
889,talboma01,Maxime,Talbot,BOS,CA,C,0.7020575115902996
890,tanevbr01,Brandon,Tanev,WPG,CA,LW,0.74849714734186
891,tanevch01,Chris,Tanev,VAN,CA,D,0.7762463044556688
892,tangual01,Alex,Tanguay,TOT,CA,LW,0.7933071337653745
893,tarasvl01,Vladimir,Tarasenko,STL,RU,RW,0.8847583656253023
894,tatarto01,Tomas,Tatar,TOT,CS,C,0.8106330746263258
895,tavarjo01,John,Tavares,NYI,CA,C,0.901339214652699
896,tennyma01,Matt,Tennyson,BUF,US,D,0.6516592929074403
897,teravte01,Teuvo,Teravainen,CAR,FI,C,0.8540106465833224
898,terrych01,Chris,Terry,MTL,CA,LW,0.7261946711091066
899,theodsh01,Shea,Theodore,VEG,CA,D,0.798730373727206
900,thompna01,Nate,Thompson,TOT,US,C,0.7035822352590559
901,thomppa02,Paul,Thompson,FLA,US,RW,0.6633977909108513
902,thompta01,Tage,Thompson,STL,US,C,0.7057352020974015
903,thorbch01,Chris,Thorburn,STL,CA,RW,0.6812498304407453
904,thornjo01,Joe,Thornton,SJS,CA,C,0.8857639291476489
905,thornsh01,Shawn,Thornton,FLA,CA,RW,0.6318313132248686
906,tiernch01,Chris,Tierney,SJS,CA,C,0.7814632715624512
907,tikhovi01,Viktor,Tikhonov,TOT,RU,RW,0.6766698434906534
908,tkachma01,Matthew,Tkachuk,CGY,US,LW,0.8898697719351525
909,tlustji01,Jiri,Tlusty,NJD,CS,C,0.7209294841977065
910,toewsjo01,Jonathan,Toews,CHI,CA,C,0.8870342672015723
911,toffoty01,Tyler,Toffoli,LAK,CA,C,0.841676370452511
912,tonindo01,Dominic,Toninato,COL,US,C,0.6512782504800922
913,tootojo01,Jordin,Tootoo,CHI,CA,RW,0.6791463216557632
914,trochvi01,Vincent,Trocheck,FLA,US,C,0.8988607421226036
915,trotmza01,Zach,Trotman,BOS,US,D,0.7545022886234564
916,troubja01,Jacob,Trouba,WPG,US,D,0.8441907527775059
917,tryamni01,Nikita,Tryamkin,VAN,RU,D,0.726926923710645
918,tuchal01,Alex,Tuch,VEG,US,RW,0.825270028321811
919,turriky01,Kyle,Turris,TOT,CA,C,0.844248797291073
920,tyutife01,Fedor,Tyutin,COL,RU,D,0.7330597963922205
921,umberrj01,R.J.,Umberger,PHI,US,C,0.724304778621933
922,upshasc01,Scottie,Upshall,STL,CA,LW,0.7611130705650455
923,vandech01,Chris,VandeVelde,PHI,US,C,0.7178893247305549
924,vanekth01,Thomas,Vanek,TOT,AT,LW,0.8183821824767795
925,vanrija01,James,van Riemsdyk,TOR,US,LW,0.8559716948095358
926,vanritr01,Trevor,van Riemsdyk,CAR,US,D,0.7690949260484963
927,vatansa01,Sami,Vatanen,TOT,FI,D,0.8297094795944612
928,vatrafr01,Frank,Vatrano,TOT,US,LW,0.7520120649382229
929,vermean01,Antoine,Vermette,ANA,CA,C,0.7743442279467606
930,vermijo01,Joel,Vermin,TBL,CH,RW,0.6861158957982642
931,verstkr01,Kris,Versteeg,CGY,CA,RW,0.766920150502935
932,veseyji02,Jimmy,Vesey,NYR,US,LW,0.7517881362624614
933,veyli01,Linden,Vey,VAN,CA,RW,0.7433474953721005
934,virtaja01,Jake,Virtanen,VAN,CA,RW,0.7525048354067816
935,vlasima01,Marc-Edouard,Vlasic,SJS,CA,D,0.8399125664754414
936,voracja01,Jakub,Voracek,PHI,CS,RW,0.8938772639310767
937,vranaja01,Jakub,Vrana,WSH,CZ,LW,0.7400862793365715
938,vrbatra01,Radim,Vrbata,FLA,CS,RW,0.7742645987919695
939,wagnech01,Chris,Wagner,TOT,US,C,0.7171750765305764
940,wallmlu01,Lucas,Wallmark,CAR,SE,C,0.6847501242733045
941,wardjo02,Joel,Ward,SJS,CA,RW,0.7641885132586805
942,warsoda01,David,Warsofsky,COL,US,D,0.7238110452567073
943,watsoau01,Austin,Watson,NSH,US,LW,0.7562770486676941
944,wealjo01,Jordan,Weal,PHI,CA,C,0.7409418882813513
945,webermi01,Mike,Weber,TOT,US,D,0.7334322030231983
946,webersh01,Shea,Weber,MTL,CA,D,0.8941745382720062
947,weberya01,Yannick,Weber,NSH,CH,D,0.670588036907744
948,weegama01,MacKenzie,Weegar,FLA,CA,D,0.7219348126768034
949,weiseda01,Dale,Weise,PHI,CA,RW,0.7234424026848658
950,wennbal01,Alexander,Wennberg,CBJ,SE,C,0.8405732732908624
951,werenza01,Zach,Werenski,CBJ,US,D,0.8507742608069213
952,wheelbl01,Blake,Wheeler,WPG,US,RW,0.9238372922215967
953,whiteco02,Colin,White,OTT,US,C,0.7179058801199577
954,whitery01,Ryan,White,TOT,CA,C,0.7403705079743359
955,widemch01,Chris,Wideman,OTT,US,D,0.77018984286786
956,widemde01,Dennis,Wideman,CGY,CA,D,0.7789430090317512
957,wiercpa01,Patrick,Wiercioch,COL,CA,D,0.7032731442253871
958,williju01,Justin,Williams,CAR,CA,RW,0.8517967608403976
959,wilsoco01,Colin,Wilson,COL,US,C,0.7758208660090488
960,wilsoga01,Garrett,Wilson,FLA,CA,LW,0.6342878111216614
961,wilsosc01,Scott,Wilson,TOT,CA,C,0.7501941876162478
962,wilsoto01,Tom,Wilson,WSH,CA,RW,0.7909066467439703
963,wingeto01,Tommy,Wingels,TOT,US,C,0.7391735406401398
964,winnida01,Daniel,Winnik,MIN,CA,C,0.7484690377044795
965,witkolu01,Luke,Witkowski,DET,US,D,0.6857024087891064
966,woodmi01,Miles,Wood,NJD,US,LW,0.7669780762912091
967,wothety01,Tyler,Wotherspoon,CGY,CA,D,0.7271384783553592
968,yakupna01,Nail,Yakupov,COL,RU,RW,0.7267745009360834
969,yandlke01,Keith,Yandle,FLA,US,D,0.8469201121310364
970,zachapa01,Pavel,Zacha,NJD,CZ,C,0.7555917044678497
971,zadorni01,Nikita,Zadorov,COL,RU,D,0.7655465932501726
972,zaitsni01,Nikita,Zaitsev,TOR,RU,D,0.7994634935520815
973,zajactr01,Travis,Zajac,NJD,CA,C,0.8312494340261405
974,zettehe01,Henrik,Zetterberg,DET,SE,LW,0.8683044221999923
975,zibanmi01,Mika,Zibanejad,NYR,SE,C,0.8593078735467973
976,zidlima01,Marek,Zidlicky,NYI,CS,D,0.7499343164823482
977,zolniha01,Harry,Zolnierczyk,NSH,CA,LW,0.6537373396714211
978,zubruda01,Dainius,Zubrus,SJS,RU,RW,0.7178883016854433
979,zuccama01,Mats,Zuccarello,NYR,NO,LW,0.8647121178865427
980,zuckeja01,Jason,Zucker,MIN,US,LW,0.8607103547051067
